motif_id	motif_alt_id	sequence_name	start	stop	strand	score	p-value	q-value	matched_sequence
MA0111.1	Spz1	sequence_variation|rs356168|4|A|51	87	97	+	16.1091	7.83e-07	0.00014	AGGGTAGCAGC
MA0111.1	Spz1	sequence_wild_type|rs356168|4|G|51	87	97	+	16.1091	7.83e-07	0.00014	AGGGTAGCAGC
MA0912.1	Hoxd3	sequence_variation|rs356168|4|A|51	42	57	-	13.381	1.06e-05	0.0035	TTGTTCTAATTACCAC
MA1155.1	ZSCAN4	sequence_variation|rs356168|4|A|51	62	76	+	8.68966	1.27e-05	0.00218	GGCACAAACTGCAAG
MA1155.1	ZSCAN4	sequence_wild_type|rs356168|4|G|51	62	76	+	8.68966	1.27e-05	0.00218	GGCACAAACTGCAAG
MA0160.1	NR4A2	sequence_variation|rs356168|4|A|51	74	81	+	13.4444	1.47e-05	0.00267	AAGGTCAC
MA0160.1	NR4A2	sequence_wild_type|rs356168|4|G|51	74	81	+	13.4444	1.47e-05	0.00267	AAGGTCAC
MA0634.1	ALX3	sequence_variation|rs356168|4|A|51	44	53	-	11.1287	1.59e-05	0.00431	TCTAATTACC
MA0904.1	Hoxb5	sequence_variation|rs356168|4|A|51	42	57	+	13.0119	1.71e-05	0.00573	GTGGTAATTAGAACAA
MA0882.1	DLX6	sequence_wild_type|rs356168|4|G|51	45	52	-	10.9492	1.79e-05	0.00663	CCAATTAC
MA0881.1	Dlx4	sequence_wild_type|rs356168|4|G|51	45	52	-	10.6372	1.79e-05	0.00663	CCAATTAC
MA0880.1	Dlx3	sequence_wild_type|rs356168|4|G|51	45	52	-	10.3356	1.79e-05	0.00663	CCAATTAC
MA0141.3	ESRRB	sequence_variation|rs356168|4|A|51	72	82	+	12.2586	1.79e-05	0.00312	GCAAGGTCACT
MA0141.3	ESRRB	sequence_wild_type|rs356168|4|G|51	72	82	+	12.2586	1.79e-05	0.00312	GCAAGGTCACT
MA0643.1	Esrrg	sequence_variation|rs356168|4|A|51	72	81	+	13.6596	1.8e-05	0.00325	GCAAGGTCAC
MA0643.1	Esrrg	sequence_wild_type|rs356168|4|G|51	72	81	+	13.6596	1.8e-05	0.00325	GCAAGGTCAC
MA0592.2	Esrra	sequence_variation|rs356168|4|A|51	71	81	+	11.0577	2.01e-05	0.00363	TGCAAGGTCAC
MA0592.2	Esrra	sequence_wild_type|rs356168|4|G|51	71	81	+	11.0577	2.01e-05	0.00363	TGCAAGGTCAC
MA0900.1	HOXA2	sequence_variation|rs356168|4|A|51	44	53	-	10.9811	2.06e-05	0.00746	TCTAATTACC
MA0723.1	VAX2	sequence_variation|rs356168|4|A|51	45	52	-	11.1102	2.18e-05	0.00814	CTAATTAC
MA0722.1	VAX1	sequence_variation|rs356168|4|A|51	45	52	-	10.8299	2.18e-05	0.00814	CTAATTAC
MA0132.2	PDX1	sequence_variation|rs356168|4|A|51	45	52	+	11.3396	2.18e-05	0.00813	GTAATTAG
MA0634.1	ALX3	sequence_wild_type|rs356168|4|G|51	44	53	-	11	2.36e-05	0.00431	TCCAATTACC
MA0888.1	EVX2	sequence_variation|rs356168|4|A|51	44	53	+	10.84	2.39e-05	0.00832	GGTAATTAGA
MA0902.1	HOXB2	sequence_variation|rs356168|4|A|51	44	53	+	10.1698	2.65e-05	0.00962	GGTAATTAGA
MA0644.1	ESX1	sequence_wild_type|rs356168|4|G|51	44	53	-	10.6111	2.74e-05	0.00954	TCCAATTACC
MA0912.1	Hoxd3	sequence_variation|rs356168|4|A|51	40	55	+	12.25	3.02e-05	0.00498	TTGTGGTAATTAGAAC
MA0876.1	BSX	sequence_wild_type|rs356168|4|G|51	45	52	-	10.566	3.58e-05	0.0133	CCAATTAC
MA0666.1	MSX1	sequence_wild_type|rs356168|4|G|51	45	52	-	11.4237	3.58e-05	0.0132	CCAATTAC
MA0707.1	MNX1	sequence_variation|rs356168|4|A|51	44	53	+	10.9701	3.61e-05	0.013	GGTAATTAGA
MA0661.1	MEOX1	sequence_variation|rs356168|4|A|51	44	53	-	11.6102	3.9e-05	0.014	TCTAATTACC
MA0886.1	EMX2	sequence_variation|rs356168|4|A|51	44	53	+	11.6809	3.93e-05	0.0143	GGTAATTAGA
MA0017.2	NR2F1	sequence_variation|rs356168|4|A|51	72	84	+	12.2653	3.95e-05	0.00698	GCAAGGTCACTGG
MA0017.2	NR2F1	sequence_wild_type|rs356168|4|G|51	72	84	+	12.2653	3.95e-05	0.00698	GCAAGGTCACTGG
MA0887.1	EVX1	sequence_variation|rs356168|4|A|51	44	53	+	10.5472	4.12e-05	0.0143	GGTAATTAGA
MA0505.1	Nr5a2	sequence_variation|rs356168|4|A|51	68	82	+	11.2414	4.19e-05	0.00724	AACTGCAAGGTCACT
MA0505.1	Nr5a2	sequence_wild_type|rs356168|4|G|51	68	82	+	11.2414	4.19e-05	0.00724	AACTGCAAGGTCACT
MA0726.1	VSX2	sequence_variation|rs356168|4|A|51	45	52	-	11.7244	4.35e-05	0.0161	CTAATTAC
MA0725.1	VSX1	sequence_variation|rs356168|4|A|51	45	52	-	11.2441	4.35e-05	0.0162	CTAATTAC
MA0705.1	Lhx8	sequence_variation|rs356168|4|A|51	45	52	-	10.4727	4.35e-05	0.0159	CTAATTAC
MA0642.1	EN2	sequence_wild_type|rs356168|4|G|51	44	53	-	10.9831	4.81e-05	0.0172	TCCAATTACC
MA0612.1	EMX1	sequence_variation|rs356168|4|A|51	44	53	-	10.6283	4.83e-05	0.0176	TCTAATTACC
MA1111.1	NR2F2	sequence_variation|rs356168|4|A|51	72	82	+	12.187	5.19e-05	0.00939	GCAAGGTCACT
MA1111.1	NR2F2	sequence_wild_type|rs356168|4|G|51	72	82	+	12.187	5.19e-05	0.00939	GCAAGGTCACT
MA0644.1	ESX1	sequence_variation|rs356168|4|A|51	44	53	-	10.3056	5.26e-05	0.00954	TCTAATTACC
MA0903.1	HOXB3	sequence_variation|rs356168|4|A|51	44	53	+	10.1132	5.52e-05	0.02	GGTAATTAGA
MA0708.1	MSX2	sequence_wild_type|rs356168|4|G|51	45	52	-	11.9455	5.75e-05	0.0213	CCAATTAC
MA0075.2	Prrx2	sequence_wild_type|rs356168|4|G|51	45	52	-	10.0442	5.75e-05	0.0213	CCAATTAC
MA0879.1	Dlx1	sequence_variation|rs356168|4|A|51	44	53	-	9.95614	6.45e-05	0.0235	TCTAATTACC
MA0904.1	Hoxb5	sequence_variation|rs356168|4|A|51	40	55	-	11.1786	6.53e-05	0.0109	GTTCTAATTACCACAA
MA0784.1	POU1F1	sequence_variation|rs356168|4|A|51	39	52	+	10.6034	6.56e-05	0.023	ATTGTGGTAATTAG
MA0706.1	MEOX2	sequence_variation|rs356168|4|A|51	44	53	+	10.1287	7.06e-05	0.0255	GGTAATTAGA
MA1110.1	NR1H4	sequence_variation|rs356168|4|A|51	74	84	-	10.9091	7.08e-05	0.0126	CCAGTGACCTT
MA1110.1	NR1H4	sequence_wild_type|rs356168|4|G|51	74	84	-	10.9091	7.08e-05	0.0126	CCAGTGACCTT
MA1112.1	NR4A1	sequence_variation|rs356168|4|A|51	72	81	+	11.4615	7.48e-05	0.013	GCAAGGTCAC
MA1112.1	NR4A1	sequence_wild_type|rs356168|4|G|51	72	81	+	11.4615	7.48e-05	0.013	GCAAGGTCAC
MA0709.1	Msx3	sequence_wild_type|rs356168|4|G|51	45	52	-	11.3208	7.54e-05	0.0279	CCAATTAC
MA0912.1	Hoxd3	sequence_wild_type|rs356168|4|G|51	42	57	-	11.0833	7.66e-05	0.00842	TTGTTCCAATTACCAC
MA0882.1	DLX6	sequence_variation|rs356168|4|A|51	45	52	-	10.4407	7.93e-05	0.0147	CTAATTAC
MA0027.2	EN1	sequence_variation|rs356168|4|A|51	45	52	+	10.8983	7.93e-05	0.0174	GTAATTAG
MA0710.1	NOTO	sequence_variation|rs356168|4|A|51	44	53	-	10.82	8.67e-05	0.0317	TCTAATTACC
MA0611.1	Dux	sequence_variation|rs356168|4|A|51	36	43	-	12.0656	9.4e-05	0.0175	ACAATCAA
MA0611.1	Dux	sequence_wild_type|rs356168|4|G|51	36	43	-	12.0656	9.4e-05	0.0175	ACAATCAA
MA0070.1	PBX1	sequence_variation|rs356168|4|A|51	35	46	-	10.1633	9.62e-05	0.0166	ACCACAATCAAA
MA0070.1	PBX1	sequence_wild_type|rs356168|4|G|51	35	46	-	10.1633	9.62e-05	0.0166	ACCACAATCAAA
MA0618.1	LBX1	sequence_variation|rs356168|4|A|51	45	52	+	11.2222	9.66e-05	0.0349	GTAATTAG
MA0027.2	EN1	sequence_wild_type|rs356168|4|G|51	45	52	-	10.7119	9.72e-05	0.0174	CCAATTAC
MA0885.1	Dlx2	sequence_wild_type|rs356168|4|G|51	45	52	-	10.38	9.72e-05	0.036	CCAATTAC

# FIMO (Find Individual Motif Occurrences): Version 5.0.2 compiled on Sep 14 2018 at 17:23:41
# The format of this file is described at http://meme-suite.org//doc/fimo-output-format.html.
# fimo ./TFs/JASPAR2018_CORE_vertebrates_non-redundant.meme ./seq.fna
